<?xml version="1.0" encoding="UTF-8"?>
<extentreports>
	<configuration>
		<!-- report theme -->
		<!-- standard, dark -->
		<theme>dark</theme>

		<!-- document encoding -->
		<!-- defaults to UTF-8 -->
		<encoding>UTF-8</encoding>

		<!-- protocol for script and stylesheets -->
		<!-- defaults to https -->
		<protocol>https</protocol>

		<!-- title of the document -->
		<documentTitle>Automation Test Report</documentTitle>

		<!-- report name - displayed at top-nav -->
		<reportName>LMS - Test Report</reportName>

		<!-- global date format override -->
		<!-- defaults to yyyy-MM-dd -->
		<dateFormat>yyyy-MM-dd</dateFormat>

		<!-- global time format override -->
		<!-- defaults to HH:mm:ss -->
		<timeFormat>HH:mm:ss</timeFormat>

		<testViewChartLocation>bottom</testViewChartLocation>
		<reportName>LMS Automation Report</reportName>
		<!-- report name - displayed at top-nav -->
	<!--	<reportName>
		 <![CDATA[ 
                <img src='http://10.210.23.203/CATOneLMSApp/assets/images/logo.png' /> 
            ]]></reportName>
		<scripts> 
      <![CDATA[ 
        $(document).ready(function() { 
           
        }); 
      ]]>
		</scripts> -->

		<!-- custom styles -->
		<styles> 
            <![CDATA[ 
                .report-name { padding-left: 10px; } .report-name > img { float: left;height: 60%;margin-left: 10px;margin-top: 1px;width: auto; } 
            ]]>
		</styles>
	</configuration>
</extentreports>